RegionName,City,State,Metro,CountyName,SizeRank,2010-01,2010-02,2010-03,2010-04,2010-05,2010-06,2010-07,2010-08,2010-09,2010-10,2010-11,2010-12,2011-01,2011-02,2011-03,2011-04,2011-05,2011-06,2011-07,2011-08,2011-09,2011-10,2011-11,2011-12,2012-01,2012-02,2012-03,2012-04,2012-05,2012-06,2012-07,2012-08,2012-09,2012-10,2012-11,2012-12,2013-01,2013-02,2013-03,2013-04,2013-05,2013-06,2013-07,2013-08,2013-09,2013-10,2013-11,2013-12,2014-01,2014-02,2014-03,2014-04,2014-05,2014-06,2014-07,2014-08,2014-09,2014-10,2014-11,2014-12,2015-01,2015-02,2015-03,2015-04,2015-05,2015-06,2015-07,2015-08,2015-09,2015-10,2015-11,2015-12,2016-01,2016-02,2016-03,2016-04,2016-05,2016-06,2016-07,2016-08,2016-09,2016-10,2016-11,2016-12,2017-01,2017-02,2017-03,2017-04,2017-05,2017-06,2017-07,2017-08,2017-09,2017-10,2017-11,2017-12
91910,Chula Vista,CA,San Diego,San Diego,112,190.1754056,194.1667059,194.1667059,192.9953278,189.2147588,188.2311643,188.0423653,188.0811496,186.8650218,185.3307756,184.3902439,175.4796444,169.1335862,165.3543307,175.5118777,167.7884615,162.3292128,153.1614487,161.4173228,164.6090535,167.1511628,165.5629139,158.5832247,158.0338266,154.6691332,159.4684385,157.1856287,154.1577458,163.3224452,159.2718999,153.7493158,159.3059785,159.5639159,167.8796361,187.0991797,188.943317,185.9142607,191.6058394,194.2335689,198.4120588,199.444584,210.9886415,221.4566929,230.4815574,228.6532951,227.0388905,228.3016831,228.6264527,225.5825483,233.7278054,237.7893519,237.1707633,229.8076923,233.6286776,239.6836456,238.5554425,246.3858554,246.2394441,242.7490542,238.5114885,246.082316,250.647262,256.8150685,260.2494577,260.2230483,258.0776039,260.6910039,262.5,262.8289474,270.9736209,265.9624413,262.9427793,267.0501233,269.54002,275.1304661,280.406056,282.6522797,284.5528455,280.0653595,280.6417706,280.6712963,278.2375025,278.5547786,281.0383747,284.2465753,282.5600135,283.9116719,291.9899875,294.1790825,296.6101695,293.9804013,298.3340239,290.9343201,289.7097625,293.8034188,299.1820921
92126,San Diego,CA,San Diego,San Diego,170,,,,,,,,,,,,,,,,,,,,,,,,,,,,,,,,,,,,,,,,,,,,,,283.0879107,291.4530501,296.9660586,296.0859693,298.9130435,300.1464129,300.6517652,306.0046189,306.0046189,311.3499273,308.9508191,310.4818679,311.1022225,305.9769741,306.0046189,300.6416335,310.1920236,325.7966685,325.407092,325.2788104,327.970297,331.0897926,334.0930066,332.6210826,332.5875723,332.123412,332.123412,334.7468192,333.2031257,332.554062,342.3160961,340.8093613,344.0025253,341.4179104,341.3039762,340.2312842,345.5397151,349.1921005,342.9131287,332.7026622,336.6336634,344.8275862,362.9121374,394.084654,389.3643032,391.8918919,388.101983,388.101983,389.637983,390.7564689,387.2366791
91911,Chula Vista,CA,San Diego,San Diego,183,,,,,,,,,,,,,,,,,,,,,,,,,,,,,,,,,,,,,,,,,,,,,,,206.5373563,212.585034,216.3043478,231.9587629,237.0150862,222.1879716,215.0943396,223.3481763,240.617849,248.6157254,241.7108753,235.1485149,234.2606149,227.2727273,232.6785116,235.0813743,232.8980527,226.5625,229.3805842,244.7980416,247.1910112,247.2345332,246.8650416,243.8326738,244.4376528,243.2824982,261.4555256,259.3457944,272.7754237,274.4584169,274.0353172,272.3735409,275.1162975,272.9346173,275.3630446,275.1724138,272.1144428,268.0785124,275.7985258,284.5278201,286.9565217,297.0204842,286.5262732,292.6666667,293.3695652,294.6798151,280.4455446,290.0220588,287.377451,290.4451683
92109,San Diego,CA,San Diego,San Diego,218,523.1438489,505.310244,503.2858708,499.7298757,514.7789219,501.8248175,497.7300151,504.8298573,508.3606781,480.8228206,469.0669371,449.4458128,432.9988604,430.3310239,425.9501966,430.5842937,426.4322917,432.6630104,436.6506795,426.0312945,436.5079365,430.0915003,429.2980671,431.6740757,423.9550113,413.215859,415.1743821,413.215859,432.5808879,446.4052476,447.2226735,442.7394439,445.8396993,451.4520763,485.2132942,498.1621832,508.1560284,497.1590909,509.5923261,511.5664243,532.1240943,525.3623188,532.262166,539.3053016,535.1051276,512.3906706,511.3570181,512.3906706,515.1615197,506.88905,534.4883004,536.1253282,534.1880342,553.6005347,543.5233161,545.5381602,541.4534389,525.5102041,518.9175546,546.4684015,554.283113,567.2728431,555.308642,555.2873008,559.1780315,561.3793409,549.1898148,556.5606725,546.1245879,554.3478261,556.3356164,581.7272727,595.840868,585.5119826,578.280543,570.7364341,582.7716025,587.6470588,603.4482759,599.5,615.6316916,633.4745763,610.8389911,633.4745763,637.9625509,643.8795591,598.6344538,650.2601908,660.6334842,673.6317172,697.7777778,707.3906486,724.1813602,688.7755102,707.0769231,747.0588235
92101,San Diego,CA,San Diego,San Diego,220,463.9534884,458.2414755,444.6564885,444.6564885,444.6564885,424.3759178,415.0831354,425.0181951,419.4349315,403.930131,402.4590896,386.3915716,384.1040549,388.3161512,384.6886113,373.5955056,362.3871822,363.1160882,373.75,373.2041796,373.7658674,374.7510138,373.4500979,383.7991132,379.0322581,383.2199546,376.344086,378.6096257,401.7305315,393.3415536,386.289445,397.3289696,405.1001309,413.8629936,448.8487703,455.7502128,475.638051,485.9751686,507.859734,506.6205263,506.6890255,499.4117647,491.3297347,486.7444327,493.2244159,498.8662132,490.835535,489.7680764,496.6143714,499.5610184,511.4728682,512.7388535,499.1243433,509.5952024,512.1518616,509.331824,501.5201718,501.5797788,496.8152288,507.5390387,520.3221809,514.3184422,506.0790274,502.2764398,498.8149185,484.7352034,494.819839,494.3181818,495.4951456,513.037448,511.2951807,522.0306513,520.5882353,531.7917728,547.5002558,572.0653789,564.0405494,584.1116525,587.357331,585.4330709,563.088532,563.088532,579.9545171,580.5813596,576.3945346,589.1775584,592.0611193,602.0004141,593.1263858,603.5767511,608.9592558,603.5767511,601.4056225,602.9328821,621.816387,631.2529776
92021,El Cajon,CA,San Diego,San Diego,242,,,,,,,,,,,,,,,,,,,,,,,,,,,,,,,,,,,,,,,,,,,,,,216.8370571,207.6366169,213.1147541,212.2241087,215.3205991,219.8529412,224.7676914,220.3740868,228.5921626,236.3030303,235.483871,232.9901503,231.7535545,237.7188602,234.3797623,242.2565358,239.4049347,244.5888993,247.0210816,237.7717391,242.1134396,245.043573,247.3050648,246.6173362,250.5705157,252.2232279,252.3726747,268.2198327,266.8539326,264.0318831,264.8335745,254.0547476,259.8803526,265.1446713,267.0536633,271.2175124,271.6225876,270.8124373,270.8124373,267.0834812,274.1397849,276.026936,280.6419258,290.6655433,286.7647059,278.9150461,276.4689165,289.6937397,303.8062119,300.1971868,294.2857143
92104,San Diego,CA,San Diego,San Diego,414,,,,,,,,,,,,,,,,,,,,,,,,,,,,,,,,,,,,,,,,,,,,382.3717949,388.7440191,376.9181586,393.2943055,401.7139796,405.8524173,391.7162851,381.3193085,394.7997419,390.8496732,401.2242647,400.5876592,407.239819,388.0811592,396.1538462,406.125,411.8783142,419.9939958,423.1770833,419.9604743,424.8716694,441.2982456,439.9367861,456.9575472,461.6306717,483.259694,465.6862745,460.7077206,456.3433569,467.4836601,469.6789536,460.6547057,470.4918033,471.5383298,492.8736287,500.0062846,467.3681627,456.7627494,475.7320074,460.1983003,463.7726195,480.0535652,490.4109589,491.0475078,486.4864865,507.0993915,539.5385014,548.1572773,522.301984,505.8381806,517.3913043,527.4761687,539.8481968
92115,San Diego,CA,San Diego,San Diego,416,,,,,,,,,,,,,,,,,,,,,,,,,,,,,,,,,,,,,,,,,,,,,,,305.2721088,305.4405024,305.7460612,300.7896626,295.5992887,301.4388489,299.2788462,307.0009461,307.0009461,316.4725479,315.2697095,314.3863179,317.8368019,318.076645,319.2405714,306.3680905,305.5224176,313.0099068,313.5198135,311.3983549,325.0772665,323.2803078,324.8050222,319.3640234,325.2611586,325.4769921,343.0602406,349.0981482,347.9122056,348.2418171,347.9122056,349.3003229,355.2628989,354.1174774,358.8850174,360.7165929,359.8797896,359.3601781,369.1550451,388.9529878,392.6245211,392.6245211,399.6742671,392.7203065,384.2996743,410.2739726,390.8390975,408.4248363,407.0881226,397.5684331
92154,San Diego,CA,San Diego,San Diego,444,,,,,,,,,,,,,,,,,,,,,,,,,,,,,,,,,,,,,,,,,,,,,,194.8529412,195.610269,198.8071571,201.0338374,197.1954426,201.9038143,206.7603692,205.4154995,214.2143688,215.9552846,221.806558,225.8757062,217.8574652,213.4146341,209.4286971,216.5275165,217.8394625,217.294402,218.9497717,220.0641693,219.5923718,232.3333333,226.9306906,227.8612729,227.8612729,226.1823167,226.1276143,232.8431373,232.8431373,239.9678973,239.9678973,244.2810458,246.9074715,242.6036918,242.3822715,247.1698889,249.9431818,249.4050363,253.1963995,250.251004,255.5297398,257.8125,256.0627675,256.2208733,257.5855391,264.4105782,267.8547308,267.9049916,265.9574468,272.4665392,276.5957447
92105,San Diego,CA,San Diego,San Diego,475,,,,,,,,,,,,,,,,,,,,,,,,,,,,,,,,,,,,,,,,,,,,,,,,,258.4350323,261.1940299,271.4132217,265.7936508,261.0558823,262.3893722,281.779661,268.2539683,274.5006467,271.1864407,268.1563959,268.2539683,275.7118132,274.6212121,257.5107296,268.8163082,267.8571429,304.6296296,309.5985586,272.2178413,275.2987035,270.9825422,255.3366174,258.6820304,286.0465116,290.035443,304.0400962,325.607064,334.2618384,339.2857143,344.2785877,346.214511,339.915293,341.8024044,347.3752735,346.214511,340.3105278,324.9791145,328.5420945,329.7095144,339.2857143,341.3955958,350.1751313,350.7281553,336.5817091,340.1325758,332.4891585,334.6865998
92122,San Diego,CA,San Diego,San Diego,490,325.4317778,323.9476678,321.7772744,326.9158879,323.5294118,314.1025641,313.2352941,317.1004513,307.8945325,305.9201632,305.6954669,306.6037736,300.6485849,304.7062865,302.3255814,302.7841296,296.9314079,296.779196,297.3661852,290.7172996,284.8907882,277.2262774,278.1844802,279.7319933,280.1459854,275,274.3628061,268.971672,275,279.7319933,292.214154,297.4441875,285.1388889,302.2113022,315.3153153,311.262772,318.762279,327.8688525,322.0858896,331.8060328,336.6033109,342.2527473,358.3704377,362.811385,366.6897026,367.4304419,361.8773158,358.6199295,366.7935175,368.4807256,377.6583344,369.7089947,382.1022727,389.1493868,391.6666667,392.4679673,388.9392566,383.1420517,380.0856531,376.4204545,389.4525855,394.4020356,392.2035009,393.8356164,407.796731,395.9359386,406.0884667,401.0695187,408.4720121,410.5113636,410.7142857,399.2231334,408.8604735,405.9707613,409.0909091,413.6618347,413.0695444,422.7272727,424.7760092,430.7546173,440.6130268,434.1016643,439.4600172,439.1052196,437.5591296,438.3474448,443.9834653,454.6082493,436.3636364,447.7830189,454.9689441,458.0520733,482.9009434,485.260771,489.2227302,488.0977175
92117,San Diego,CA,San Diego,San Diego,561,,,,,,,,,,,,,,,,,,,,,,,,,,,,,,,,,,,,,,,,,,,,,,,326.305483,326.305483,325.0652742,339.2520805,347.2415392,361.2270816,366.6666667,368.5897436,367.6888132,362.3696052,359.3659587,376.411821,369.8275862,361.388314,371.3556175,373.493706,380.4032159,377.4216524,375,375.3752848,375.1974724,386.3646625,388.2006159,387.7400295,391.6383812,389.561528,388.336112,389.5723492,391.5143603,398.3516484,404.7843288,394.6678859,398.7579938,411.790693,420.3683995,425.4049446,410.15625,423.0301617,430.8252427,428.8895757,428.2218597,429.5958279,433.846402,445.2229299,453.4803584,440.2879453,436.3778298,462.9916383,462.9916383,442.4778761
92128,San Diego,CA,San Diego,San Diego,568,264.5563401,269.2581301,275.0888755,277.3891574,269.048644,264.7448641,264.2904483,265.8602459,262.7840909,264.1342756,257.2706935,252.6315789,247.4769303,243.6602601,245.5348214,244.2307692,240.1129944,240.3181189,238.700565,236.839783,230.2608988,230.0209205,231.8391909,225.6692913,220.5736715,225.0377644,220.4959207,220.7912834,229.6817566,230.3327645,227.4920615,224.5817246,226.1029412,229.458042,244.4426797,245.8158996,258.5720449,264.9869679,268.2650254,275.979446,289.2623688,294.057947,295.6505647,300.9931719,301.8454143,309.4357077,308.4323713,311.0795455,309.7276496,315.1731161,315.5186788,314.3101808,315.3049482,317.4229955,318.5152883,317.1279168,312.301778,311.7897727,309.9539351,311.9887709,311.6984578,317.0979198,311.9536379,318.6863132,319.5684524,321.8162278,332.2184796,328.5770908,328.1209781,328.0104545,326.469111,323.1330065,326.0380875,331.7152104,334.8247576,333.0245607,337.677604,341.0676918,344.8474381,337.0938628,339.7108844,342.7065026,339.8244824,341.8797512,351.0370915,344.8609007,348.0305401,350.2050892,357.1428571,360.4024812,367.6391479,368.1492676,378.3874208,378.3874208,375.5597315,378.616997
92130,San Diego,CA,San Diego,San Diego,587,364.9214593,358.652781,354.9332465,355.361596,355.1092541,354.5521836,350.2679694,350.6423983,350.6423983,347.5242833,344.3747677,343.75,340.9171789,338.9269025,338.891928,336.5816303,334.3769458,333.6257355,332.6045627,330.0275061,327.9548404,320.806701,319.7411003,318.8318272,313.4618833,314.9603675,318.3178625,320.7219251,325.0739645,324.8898678,323.3215548,328.4245983,317.9824561,323.3666306,338.8746803,348.2082488,347.0509264,357.7604664,373.1343284,374.2388759,382.2733424,390.275112,398.7456057,398.5844722,397.6707934,397.8460766,399.296394,405.2356189,408.3912098,416.8129939,419.3548387,410.5263158,414.5036125,416.8981856,413.2588573,414.5036125,411.6946531,418.0296691,423.0552966,422.2264875,426.7744834,424.9385997,423.9533809,421.8846664,424.3397126,423.9533809,426.7744834,424.6909239,421.1956522,420.4467609,419.8155939,418.0116204,427.2230881,436.05547,443.3780895,432.2762699,432.0794067,432.0794067,426.4705882,426.3884325,432.4239442,431.9529556,428.4482287,436.5087383,428.9248763,448.3518258,451.6258531,454.4491525,454.4491525,447.0738413,449.0548853,452.3522316,453.3165407,454.0554253,463.960232,457.1020019
92020,El Cajon,CA,San Diego,San Diego,602,,,,,,,,,,,,,,,,,,,,,,,,,,,,,,,,,,,,,,,,,,,,,230.4597855,228.9662911,234.8859626,235.4403556,232.8614009,240.7099971,234.270415,236.502153,233.4011204,240.2135231,242.2839506,239.8796553,242.94093,240.5625463,239.1689189,242.9213326,247.8460533,252.5419529,259.8515134,260.8259824,260.0094888,261.5813953,263.2978723,262.0954262,263.8586601,267.9368828,261.5794574,261.6,264.0757349,267.3042521,274.2673993,271.4295744,268.5738685,272.7200953,268.3689422,271.4589235,275.8420441,288.7263044,282.4242424,277.7777778,278.6137234,279.323334,282.0808322,275.862069,280.3234501,297.1021367,291.905678,290.6403941,292.3062854,299.4286437,297.737013,297.1232925
92056,Oceanside,CA,San Diego,San Diego,675,,,,,,,,,,,,,,,,,,,,,,,,,,,,,,,,,,,,,,,,,,,,,,,244.1196814,241.7170496,244.6043165,245.5245721,243.1147541,251.7695628,253.1428037,254.919454,257.6335878,258.0391831,264.9006623,261.3293051,258.0190354,258.5115968,264.7951442,258.7348068,259.4980034,262.2199593,259.1973244,263.4074941,270.9634912,274.4380554,272.5304112,271.6044686,273.3813024,274.0358744,277.3853571,274.3087322,282.0512821,282.6384662,287.2163807,297.752809,300.8363805,302.9117258,303.0186721,299.699874,294.7446346,295.5098381,312.6328956,310.742144,319.3293825,310.8108108,317.4466545,317.3941799,316.9164323,319.3046661,322.8073155,323.3361028,329.8639456,334
92071,Santee,CA,San Diego,San Diego,677,,,,,,,,,,,,,,,,,,,,,,,,,,,,,,,,,,,,,,,,,,,,,,,238.7007218,241.4653784,242.2145329,245.118224,250.8667883,256.50358,249.2605906,254.4188538,254.6281153,253.5705382,254.9444444,262.2598759,254.5414672,248.9064139,253.2154341,258.9482158,256.2975085,259.8905888,271.7391304,270.1878466,284.5303867,278.6616162,280.0862069,287.5816353,285.5390066,281.2328767,291.7514245,294.8869223,294.0826887,293.8859494,287.2844828,290.110999,291.8373927,293.9057442,299.7510165,300.9747706,304.4258373,300.0791766,302.3986254,298.4133952,300.8701504,307.9587438,306.9071374,308.127572,311.9064529,320.5207228,319.7437391,324.0689655,323.5882353,314.7608051
92024,Encinitas,CA,San Diego,San Diego,683,399.8451213,392.2356091,380.859375,373.3940043,373.8554721,368.8393293,359.9126161,357.3148713,360,354.6670172,346.112886,343.6843443,339.0693165,340.9090909,331.1820652,329.2932094,333.4096118,333.0666667,330.8992025,319.7910528,315.7265982,313.4013801,311.0859729,308.3989501,312.3698459,307.1462376,317.1365727,319.1025821,317.1001898,316.8932934,311.4583333,317.1401515,322.2586061,326.0242354,356.7306315,375,360.7632677,356.8650567,368.6590641,372.6708075,374.9466962,397.9624323,408.4014002,428.4118068,432.9389916,420.336269,419.6428364,422.3743532,419.9106573,431.764918,427.1318843,408.9554039,406.25,418.7095267,416.6666667,425.2433234,420.4761905,417.6311376,420.4029304,428.266323,423.8833181,415.7017138,421.2768072,419.8938632,429.4154615,424.691358,442.5894602,445.437141,452.1336175,450.6719591,445.2158165,453.1090724,445.4490657,462.639763,470.0739744,461.7521663,460.2336416,459.2338285,463.8768259,472.3974763,469.017094,465.3807311,463.5964912,457.9207921,463.3632051,501.0683761,509.5715588,509.212963,498.7275033,515.0688201,529.0961611,518.1814545,521.6184652,516.4945018,514.3178911,510.4166667
92057,Oceanside,CA,San Diego,San Diego,824,,,,,,,,,,,,,,,,,,,,,,,,,,,,,,,,,,,,,,,,,,,,,,,206.7288204,209.2110163,216.2173192,217.9896303,226.9360496,222.8675897,222.3109084,218.2259131,228.4423179,228.4423179,233.4719261,232.4797844,230.4964104,230.637556,230.637556,228.02819,225.4203216,223.9900466,225.2926371,223.2581917,233.1622717,236.1111111,236.5401765,236.1866516,239.1304348,239.0096618,242.4821683,246.5960666,252.7345999,259.4196622,253.5650624,258.0172021,254.1167665,258.6349739,260.223078,265.9045726,266.7714885,265.5533436,266.6027447,265.7137242,269.747953,270.9725139,274.0650783,271.1014504,275.0956023,275.3303965,275.7562473,275.0956023,287.190695,287.7397075
92037,San Diego,CA,San Diego,San Diego,892,670.3676955,656.6716642,654.0293767,640.440897,652.173913,639.8032412,627.9267774,618.0319922,610.8669529,611.060162,596.4087217,575.9237875,556.7913841,516.5467626,520.9059233,542.8000204,524.0261338,525.331091,501.2552301,486.0406091,487.037037,478.6903644,445.4132188,432.4546952,441.0606234,440.7760381,472.8502128,485.965812,516.1216382,496.4282498,516.2377451,517.3416199,517.1724659,511.9668043,557.4406205,579.3356382,590.521978,620.2756781,627.3674242,625.8739995,643.20775,645.6834532,653.32019,641.998235,668.2497203,675.23126,670.0986574,685.5931222,662.4426161,641.9838618,647.2654309,655.3030303,614.6223889,642.7158866,646.7110126,646.8758102,647.4664357,681.9818051,665.6217346,669.2790906,687.6625756,676.42788,697.7172799,706.8452381,762.9597169,678.1101292,750.3949447,759.0510164,762.214131,740.2372714,746.3096868,782.6630405,780.3790412,794.8717949,770.3570511,767.805373,763.3086656,770.8978328,771.8619869,771.5065328,781.7398119,787.7583903,808.6745034,822.8021978,804.6954747,791.749506,778.4946576,774.7690423,802.3106547,790.8386733,801.7466191,768.3357573,757.9787234,755.8374507,784.5238095,788.2513661
92103,San Diego,CA,San Diego,San Diego,902,398.6078849,411.1842105,398.3226304,401.6537602,411.0378913,403.9175954,402.1901065,398.1681034,391.6025333,393.442623,385.4076905,370.5882353,371.9626168,362.2963758,359.0909091,381.1188811,365.0693569,364.4041206,365.3113088,356.4389101,336.8674699,342.4995466,335.8053949,343.2062495,338.4353741,331.1244696,350.4273504,354.9738093,361.3641258,385.032893,374.5136187,374.6140545,382.9201102,372.6708075,387.5968992,399.7302158,399.7302158,407.2105403,422.8639241,434.4758621,442.1768707,446.0370995,443.9113255,443.6501399,447.3600506,452.9654036,452.9437408,451.1348784,453.2504533,452.9220779,442.5587467,449.1193738,431.5144766,446.0492778,438.9241688,459.0555578,472.5378788,462.7383016,458.6397059,456.5378674,462.7266622,473.2532705,474.7474747,474.3745439,472.0032841,465.7533729,469.0594059,475.5952381,489.8190045,490.353628,505.0925398,513.6612022,517.4081238,530.8706664,525.3512523,507.0449421,518.5185185,516.0457579,513.2641292,510.8359133,524.5614035,517.0154137,526.3835264,499.8245614,508.456868,516.6944908,531.9753363,544.0848214,538.3333333,535.0080976,535.4689066,544.0848214,554.4767587,546.2102609,545.0236967,561.4015008
91977,Spring Valley,CA,San Diego,San Diego,920,,,,,,,,,,,,,,,,,,,,,,,,,,,,,,,,,,,,,,,,,,,,,,,204.4854881,208.2967836,212.6492417,218.8305278,227.2575445,229.33624,220.6531524,225.3218884,226.4034096,227.6234568,224.2926156,226.9144726,229.6676442,228.2708143,228.3210332,240.8536585,242.189716,242.7141257,245.1282051,231.2414734,244.7552448,238.4996944,239.6373057,247.4422442,245.76706,245.9165598,247.4971544,247.6056338,256.3076666,260.1766513,256.8259195,261.4247312,261.4247312,266.0493827,270.9265362,274.8095143,273.5090738,276.9607843,277.9840773,278.9503708,285.5051245,288.1040892,282.6005025,290.2206624,303.0054645,297.3029046,296.6101695,295.7386923,290.8129544,298.6862701
92026,Hidden Meadows,CA,San Diego,San Diego,1142,,,,,,,,,,,,,,,,,,,,,,,,,,,,,,,,,,,,,,,,,,,,,,,205.9374312,218.8385807,222.6501105,222.6501105,225.7062147,228.7176019,224.8955432,229.1889007,227.9100098,230.8497537,232.3605467,235.7776206,234.6405229,226.9683807,233.9938862,238.053467,234.612406,236.6565962,240.6161996,241.878453,244.5397082,248.5176669,245.9278899,244.0864749,240.4683256,241.7687976,247.2150683,248.0607735,256.2969156,256.5306822,256.8578554,260.2586186,256.4242756,257.1008815,258.508209,257.837423,256.6611111,252.810461,258.6527169,258.6084066,265.5056523,265.4770575,265.6496137,271.1061132,279.6610169,279.118746,274.4599746,278.7769784,284.5759818,279.7725913
92129,San Diego,CA,San Diego,San Diego,1155,265.079419,263.030888,265.5538565,269.1564117,266.7423383,265.4386936,264.0363589,264.3783511,259.9318956,260,258.0752581,248.9995743,245.1127772,240.390132,239.4853594,239.4853594,235.426009,235.0488021,236.0491884,235.5287148,234.5097293,232.2671024,234.5097293,232.6164875,228.506098,228.9303079,225.7037566,232.9232075,240.8235708,232.5106787,229.681327,228.5172954,221.2985735,221.8726746,244.172796,244.8380414,256.7002381,261.9219557,268.3506886,279.1878173,286.5639991,288.8888889,293.984109,294.0716912,302.5871766,308.1081081,303.9772727,309.1998454,309.2373918,310.4745311,316.6855846,317.9612721,318.9604253,324.5986629,323.8686779,318.5448092,315.6063618,312.1248499,307.6540755,306.51341,312.1350697,318.0737218,314.8103463,315.4439274,317.2588832,315.706077,322.5508318,318.011257,319.4553974,319.5117073,323.8019399,320.4986186,319.5117073,327.7835588,334.2670623,329.1853669,325.5555556,331.0626703,327.1441202,327.1036135,330.5954825,327.0631068,335.329956,341.3095564,344.0148305,342.2782037,352.2845224,349.1666667,351.3882114,366.4447787,366.8588726,366.9432036,369.5286195,370.3384615,380.5891755,376.5217826
92114,San Diego,CA,San Diego,San Diego,1160,,,,,,,,,,,,,,,,,,,,,,,,,,,,,,,,,,,,,,,,,,,,,,,211.425,215.5848393,215.5848393,217.9010543,226.2411348,233.5825107,237.2521246,238.0385348,245.4906884,242.6981919,252.8490028,250.9960159,255.3065029,246.2121212,248.8133099,248.3388704,243.0972424,245.8432076,229.7668038,250,261.4158163,260.5825362,258.0125523,258.0485647,258.1329562,259.6945983,263.3684223,263.2027257,265.3061224,271.170314,282.81471,274.0791501,281.3559322,294.4020513,290.9231963,296.2157316,300.3848896,295.3894564,298.566879,300.4451039,298.9202658,312.9882629,311.8644068,316.634757,301.9701208,313.9223561,319.3258983,298.729649,310.2550581,307.7780032
91942,La Mesa,CA,San Diego,San Diego,1216,211.4803625,210.6520757,214.9546106,222.4283305,227.5417299,239.2782409,234.4632768,234.16998,231.5789474,228.5714286,218.6046512,211.7775157,206.6538716,204.6609857,194.9771689,207.292821,206.2220611,201.9189231,203.5311427,200.1121136,203.7037037,202.3608769,198.8834613,202.3608769,188.4293194,183.6774718,183.0443577,189.9900845,179.3707127,187.2594869,182.2177963,188.2511211,188.3723433,201.9068985,222.2972973,216.1999366,221.1451288,232.4977105,239.1893708,239.1658066,245.8897908,241.6314199,249.4099637,258.2839361,267.7942213,260.2687216,250.6987144,261.6391185,267.3243147,270.6154425,263.0526316,279.8453359,264.313945,269.1130135,273.878479,269.9728681,288.0866426,283.2274537,283.4301426,283.4301426,282.0655251,289.7066438,286.2476665,290.1047016,298.2784072,298.7045061,307.8999146,314.8148148,311.9105824,325.7863777,327.6595745,327.6595745,321.1686197,320.9569958,322.671156,321.5152543,329.3836344,329.1655014,328.9473684,322.2030839,329.6101074,328.8235294,313.7003841,311.20498,317.1519714,320.7080629,326.7257321,314.9057309,318.9655172,332.8173375,343.3476395,338.1161585,339.0158853,339.8343773,343.551797,342.6229508
92078,San Marcos,CA,San Diego,San Diego,1220,204.7101449,206.6093498,210.0840336,207.826087,204.5790341,207.9316389,208.9983793,208.5106383,205.8410469,204.4665435,200.069031,200.3525784,197.3786408,193.4782609,194.1423948,196.3713651,192.7838718,193.500314,192.7838718,190.5444126,188.1407592,188.6195454,185.2309345,183.3667335,181.1739029,181.0619438,178.9221848,180.125523,186.0811314,180.3229138,180.1424668,181.4407951,180.5522776,183.385137,215.0925219,211.1354479,215.0117279,220.8607292,221.8487395,223.8493724,237.9817243,238.9221557,242.2640468,244.0892121,251.1779318,254.184322,248.2090181,253.05252,252.7512956,253.5074019,260.5624143,265.0071676,267.1467764,271.7574063,271.5913267,276.5840168,274.7248968,276.4491459,271.4907508,269.7747512,278.8732394,274.0835262,269.5704742,271.0983846,270.8772287,270.959207,271.3876221,277.2895257,275.9381898,276.6709238,277.1155804,282.1579812,286.1356932,289.124636,288.1091618,288.170564,294.2290902,296.369637,296.811022,302.0659777,296.5850037,302.4627945,302.2798742,295.9524729,300.0890869,309.5238095,312.4132426,317.7495292,310.611637,303.913068,307.3993471,310.5152081,311.759607,306.443164,322.7722772,318.9930209
92111,San Diego,CA,San Diego,San Diego,1315,,,,,,,,,,,,,,,,,,,,,,,,,,,,,,,,,,,,230.7941819,245.9926017,253.3460803,241.9500416,265.2521095,286.3333333,290.7843137,288.2914224,294.021294,282.6158967,280.0963082,295.5555556,300.1011519,299.6598757,295.0026867,310.1265823,312.9395218,313.5078553,312.4264186,312.4067164,324.1521275,325,323.7985509,321.4285714,307.5961538,315.530303,318.4242189,313.5964912,319.9658703,319.9658703,323.3333333,337.5095482,329.7055058,333.030303,346.5336134,345.8877786,350.587918,353.7284895,353.6672961,354.5454545,353.3333333,353.3333333,352.5641026,363.3388532,360.5654133,354.859335,352.5641026,350.3111359,368.8173499,381.4531549,378.7878788,378.6616162,377.1730915,395.5696203,385.946924,379.6244459,387.6021798,393.1544866,402.7751292,402.9126214,402.9126214
92027,Escondido,CA,San Diego,San Diego,1332,,,,,,,,,,,,,,,,,,,,,,,,,,,,,,,,,,,,,,,,,,,,,,,208.0048333,211.1404435,214.5342095,214.7171048,214.987715,221.5909091,232.5849751,235.56878,230.8753045,225.4623044,226.3913372,229.7836796,233.5364085,224.3869706,232.6140046,236.1751152,233.2760515,236.4341085,238.0296589,242.414687,241.2126538,245.7932692,246.7173893,247.4414716,250.0470102,247.3797828,245.4823072,251.89382,258.5664336,270.9576819,273.3333333,271.0796069,271.354616,265.4054644,273.5632184,273.7971873,281.6321921,275.8022401,286.835443,281.8853974,276.7101828,280.345192,276.2970158,290.0044623,282.3315118,280.7398319,281.3017099,287.3680927,287.3680927,289.9987712
92116,San Diego,CA,San Diego,San Diego,1335,,,,,,,,,,,,,,,,,,,,,,,,,,,,,,,,,,,,,,,,,,401.3004658,408.2612872,406.6468774,395.428475,390.310215,394.9967487,410.4073673,409.904365,401.8348624,396.8426783,406.9485165,402.8083028,416.5994624,432.3114591,427.1906198,429.3073841,448.3871497,443.5185185,450.1452081,443.7037037,437.9284082,462.362079,434.7977102,437.9286133,443.1876936,463.5697816,454.3650794,459.2112372,450.094162,466.3044189,467.3899982,444.828518,485.4641679,476.9921437,476.9921437,465.0465047,487.1706547,483.1418456,491.3929929,485.5615218,487.2134154,484.6360151,484.6360151,521.5827338,501.3470409,498.2404692,507.557651,507.3388641,532.5814536,538.3632511,531.0477936,532.9341317,534.7230796,531.3092979,518.4135977
91950,National City,CA,San Diego,San Diego,1356,,,,,,,,,,,,,,,,,,,,,,,,,,,,,,,,,,,,,,,,,,,,,,,,,,,236.6745762,243.6499272,236.6745762,227.5960171,225.5216693,226.6419981,230.1834821,254.2372881,259.9243856,249.4665718,249.3055556,276.0416667,253.9534884,255.6131158,237.6425856,238.4385177,235.2941176,235.2941176,235.972732,249.609383,248.4662577,233.3506224,239.55482,241.2165705,252.956816,272.5409836,256.0644804,273.8491082,277.8422274,267.0682731,275.5666246,268.7711376,266.7027252,258.8306943,258.5102944,257,274.2946708,294.3454686,294.3454686,312.9548945,316.1698284,306.1349693,331.3953488,321.8558127,331.5360502,333.2623192
92028,Fallbrook,CA,San Diego,San Diego,1372,201.5609394,201.946472,204.4228695,201.2278308,197.4449829,198.2131039,200.6772891,193.4823634,192.4442191,188.5705944,185.7142857,180.731619,174.1409435,168.464904,168.7804493,170.4663212,167.0807453,163.8934035,162.8630675,161.9821811,162.0019747,159.7302668,155.959596,151.0638298,149.8611631,148.651313,148.8486682,150.0469043,162.0479005,160.7692308,159.9839615,161.8974775,164.6622735,168.9394028,190.3423608,192.5568228,198.3205535,198.8304094,198.0325148,208.1537738,210.5527427,215.9876543,219.236366,222.5569805,222.1670822,224.1200426,222.0013254,229.8275862,224.3445693,226.7645003,226.2135922,228.3066933,234.0175953,236.5633803,235.8042825,233.7918386,235.2737353,236.3348297,236.4354028,239.7885632,236.5359759,236.4899299,236.5903917,241.0532171,246.031746,247.5570033,248.1119009,247.4227782,247.3579921,244.5349485,247.2257821,241.0423583,248,248.0582524,249.0875912,251.5243902,249.1337491,251.2945477,253.5473429,255.1020408,256.0400707,257.251462,258.3765752,264.305464,261.8829442,263.1779465,270.8960408,267.9697352,267.9272621,268.9188711,270.2811964,272.3551966,272.8581713,270.4250404,271.1674528,270.7482993
92009,Carlsbad,CA,San Diego,San Diego,1424,268.4259259,269.3037867,269.4041238,267.5114351,266.1138602,267.7272727,265.8227848,262.0112285,255.7754017,253.4804471,253.1294937,246.9460334,241.5617837,241.5201005,245.5632643,245.823389,239.7988506,237.5019213,236.7021277,232.8926998,228.6759784,225.0188146,225.6909258,224.0605721,219.6932809,220.210728,222.6254666,220.5437449,227.5533095,221.6378663,223.2243283,226.4678472,222.7272727,229.7824666,247.0977286,252.7198892,255.7544351,270.1381182,274.1935583,276.3765409,290.9265286,293.4131737,301.6554242,300.5009107,298.2496545,297.7635769,301.7524353,303.9277287,306.167979,306.3857235,311.548459,311.3237101,312.6434646,317.3878068,315.3300757,310.1361573,309.6843942,318.7613843,310.6018774,312.366643,323.7439222,322.2591362,324.4849655,324.64145,322.2017503,324.157956,324.1835316,325.9671162,325.2677923,324.1472718,324.5079454,324.9058197,319.4413325,325.4630572,331.0793784,335.5481728,339.8044687,337.9009129,342.8104575,348.8372093,341.7721519,340.4527154,337.3819163,341.9248316,345.2411074,354.880213,354.5279956,361.2451124,361.8307323,361.630433,357.3660042,358.6091407,356.7073171,365.7809111,366.8413697,372.0765415
92064,Poway,CA,San Diego,San Diego,1503,317.160534,315.7894737,307.6068376,305.3858967,301.3268999,298.5462098,293.6205106,289.3388162,285.8504958,279.5518207,277.9847657,273.9806576,268.2624765,269.739161,264.4601353,262.4196324,258.0842246,255.1655048,255.3849076,250.9369465,245.5415414,238.9106548,237.3375762,235.3202847,226.2618712,223.7603306,235.1470281,229.0701428,239.4096224,238.2758297,228.8465055,231.6056911,239.8610762,236.6608544,268.2363107,276.0065199,275.427046,291.6189357,287.6149535,289.8550725,297.0464409,305.4194734,302.3155625,305.2798982,308.2706767,310.0788713,313.0986945,304.8701641,313.0718954,312.173913,314.2594782,313.6174466,312.6957633,320.7075472,326.9230769,327.8944292,329.5834066,328.4177836,330.2162478,336.5617433,331.3696613,333.5717692,342.1270204,343.8228438,343.3578025,337.0186726,345.0920245,345.4916837,344.0122916,339.2514967,339.2412074,339.3936931,337.9997829,340.9090909,343.551797,347.8626607,351.4781793,342.6383737,340.8362353,335.1449275,339.6555644,346.4671901,350.5376344,353.1786075,354.8387097,350.7285483,360.7809847,365.398422,369.0091001,364.615659,366.9126951,370.8629243,374.8835715,368.0327869,363.9484699,362.7287854
92040,Lakeside,CA,San Diego,San Diego,1575,,,,,,,,,,,,,,,,,,,,,,,,,,,,,,,,,,,,,,,,,,,,,,,229.599149,230.3138704,229.4188862,235.6656948,239.2988464,238.3654938,233.0155774,231.6055655,235.7717699,236.8478053,241.8454393,243.3609055,244.9494949,255.5053688,257.8115198,253.2172915,252.3812899,249.9528302,253.2942899,253.4066407,249.7993279,247.7263421,249.3506494,256.463125,262.2371623,264.0039509,267.5,269.1249312,267.5771371,270.8031814,278.2111284,278.7902984,277.1670854,277.724359,273.9566527,274.4182463,277.6772655,275.9847834,281.4214824,276.3548126,274.3644068,274.473925,285.4330709,286.5197335,284.1614907,286.2340613,293.9378534,297.4924767,293.5010482,293.5010482
92054,Oceanside,CA,San Diego,San Diego,1616,,,,,,,,,,,,,,,,,,,,,,,,,,,,,,,,,,,,,,,,,,,,,,,395.9724994,429.8602411,418.3920854,378.3349101,388.1177124,389.137738,402.662116,384.3119266,358.6666667,358.0357931,365.5126498,364.0777357,357.0572484,364.749516,371.2871287,359.9605523,380.677286,407.2043391,398.0240255,365.5126498,377.7412466,373.4064427,397.9639483,388.3882366,368.4827182,366.997684,409.4630342,446.7532468,412.3108666,412.3108666,407.8462545,394.3553741,393.9322672,405.4332875,436.5704287,425.0963303,415.3263955,411.430321,431.1926606,412.9319008,474.4588745,449.248927,461.2773835,450,469.004894,475.2066116,438.7502327,419.7157545,423.4527687,438.9648438
92127,San Diego,CA,San Diego,San Diego,1677,266.7838313,266.4155005,263.630137,268.0796731,268.4317719,268.4525841,268.4733963,267.1414746,265.1757188,267.0240037,263.001975,259.1682402,255.1784927,255.9215629,252.1141057,250.3131524,247.476182,241.6474049,239.2773346,235.027224,233.9946255,230.7692308,229.1434928,223.6738759,225.4499158,228.2448378,227.4540509,224.5742701,229.0657439,229.1105121,227.3047434,227.3643411,232.0526044,232.6349687,251.8992661,259.6112826,262.2816014,272.0207099,275.5079321,286.6089246,288.9361702,300.2566541,305.0211168,306.763285,307.837344,302.7005405,297.7760497,298.7012677,303.070761,311.5530303,315.7894737,315.7894737,315.339367,317.2522286,319.5683243,319.2756475,316.6442049,311.3459399,312.904618,317.0966461,319.8872262,322.6770581,327.0639961,328.5792649,334.9404627,328.5123967,328.5017536,324.0747354,339.5920318,339.8058252,339.4272174,339.809908,348.6750349,341.0569106,346.953405,351.6272165,353.6414566,351.4052905,357.7686943,356.94315,357.3753571,355.37253,354.2458809,354.2009885,358.861267,359.2512599,360.1557812,363.7465899,366.6075664,367.1471308,374.5602735,381.5502183,381.9730695,385.5820106,385.4276663,390.7712225
92025,Escondido,CA,San Diego,San Diego,1794,,,,,,,,,,,,,,,,,,,,,,,,,,,,,,,,,,,,,,,,,,,,,,,234.6907216,229.1922919,233.6262138,238.3881736,246.5747945,249.5543672,246.2190838,250.646438,248.0200083,245.7557457,242.4084199,245.9520974,247.4015407,254.1433655,250.5966587,249.9333333,250.9648622,249.0907773,250.1673945,255.604816,258.5532747,254.3648405,254.9394519,252.2570366,252.739947,252.8765022,259.4364946,265.9613799,271.0399102,271.2450593,279.3566843,277.8219396,277.8219396,280.2653608,285.653127,286.4691018,284.6762234,286.9139258,288.7503542,295.3947368,295.3947368,286.2068966,295.2330132,296.9432314,306.7006533,305.9333333,301.2351735,301.6444791,306.2222222,305.2325581
92084,Vista,CA,San Diego,San Diego,1888,,,,,,,,,,,,,,,,,,,,,,,,,,,,,,,,,,,,,,,,,,,,,,,238.4155723,233.9192788,244.4727891,240.4556272,237.0689655,240.2399399,243.0608647,241.0290609,243.9918534,244.6828543,244.5926311,241.998625,244.0559441,240.7002188,244.2010309,250.3519003,246.4065708,250.2579979,258.6339217,258.0728866,251.3649425,255.879056,258.3220738,257.5982533,258.7259456,255.2615722,257.8435631,263.0465626,258.705036,264.0295959,264.5094446,264.8436757,264.3224069,260.261749,260.1918839,260.7524583,263.5628494,261.2304688,254.4620092,258.7662338,263.478236,272.2529439,277.2838499,272.3146747,278.098359,278.8935379,293.1835491,302.8372369,292.3230662,291.1069609
92019,El Cajon,CA,San Diego,San Diego,1889,222.2296893,211.5365239,205.9368276,212.1196172,210.8727273,211.2831378,207.0879969,206.7669173,204.7954323,206.057732,204.6122821,197.8270385,195.3885204,196.743555,188.2352941,188.5141988,185.1819011,186.1514535,188.0503145,182.5590441,183.8587642,178.4598214,176.8999364,177.7836617,175.1845018,167.9755672,163.1455399,157.0427408,176.5252645,177.4865204,175.4583309,174.3323442,175.4385965,174.6370152,198.951826,198.1924925,202.4647887,202.5870146,204.7715932,219.6017752,222.8446757,228.8071316,238.5892116,234.4495972,240.7704655,246.5453615,238.1792519,240.9258289,243.2938241,242.5275302,242.5614489,248.4338032,252.3474178,256.2620424,254.2628628,252.6362039,250.2194908,252.0619953,249.9030967,247.3124628,246.3704107,250,257.3069853,262.5109745,262.5109745,262.5109745,269.4469738,272.0037829,273.9050682,274.5901639,276.606175,268.4210526,271.6956522,268.4210526,268.9290913,277.3303859,290.0834189,279.962453,277.8646049,277.826087,279.2009457,280.2491103,281.3236727,285.340492,289.1791045,288.9810866,295.226378,298.2945238,290.4296515,290.4296515,306.4155388,307.9018895,305.8361888,301.7602682,300.4018779,305.3714452
92069,San Marcos,CA,San Diego,San Diego,1998,,,,,,,,,,,,,,,,,,,,,,,,,,,,,,,,,,,,,,,,,,,,,,,224.8845577,222.567446,234.1503268,239.8574822,245.4959005,248.8951597,262.8696605,258.6956522,259.1861406,257.0904928,255.9055118,253.6809999,254.0178571,254.0178571,251.3000042,244.4995352,254.3349048,250.4355401,250.4355401,257.5921909,260.8695652,257.4081901,250.6699082,238.1145692,246.1282738,250.5952487,264.9094937,276.9600481,279.8443944,274.9343832,268.2449495,275.2146916,275.3036821,275.5268116,275.4844145,273.75,280.2455953,275.4844145,279.4163221,285.7664234,296.0633117,291.9161677,292.4235711,297.7150538,297.510023,284.6842869,296.3743263,314.8854962,302.6605505,310.0667881
91913,Chula Vista,CA,San Diego,San Diego,2104,169.8524721,170.8150745,170.781893,171.3084542,171.3395639,170.3592814,170.3548196,170.2962963,170.6530931,169.8563919,169.0729483,164.8154931,162.5111309,159.8393574,156.769472,158.8508124,157.1452711,156.3795282,155.4820416,154.9399458,156.0991595,154.4117647,152.7890057,150,148.77577,145.7079506,146.6942149,146.3321931,149.536174,150.4548635,146.8438538,148.9578025,148.3603011,149.5162709,158.6309524,160.1030548,163.4333568,166.2189389,168.8648649,171.6261326,178.5714286,181.5725682,185.8880027,191.1764706,199.4163424,200.2384359,198.2080925,200.7230137,208.0090743,209.8616957,217.7032307,219.0277052,214.2279709,218.882058,219.8529412,221.7741299,227.4105518,223.2960326,226.5042155,221.5140338,223.8741518,232.133542,233.1632653,235.6712863,239.0552273,233.4175092,237.2881356,238.6649874,240.6138414,239.2069895,236.5866122,235.221086,236.9255151,244.0127971,250.0247896,253.5961804,253.837072,253.5061993,252.1564327,250.8969757,256.0148057,255.8139535,257.92,256.6176471,258.4294187,255.7147997,263.0834696,262.8804247,262.1709034,263.3985341,267.9127726,268.7344913,262.3853211,268.4986433,264.9884068,265.8051194
92058,Oceanside,CA,San Diego,San Diego,2159,,,,,,,,,,,,,,,,,,,,,,,,,,,,,,,,,,,,,,,,,,,,,,,215.5661886,216.6934189,214.8411229,217.3913043,217.3913043,226.0942761,217.3913043,217.8541492,217.8960604,217.3913043,221.617947,218.7201528,220.9381373,197.752809,217.5390891,228.5263987,228.8201614,243.1187887,252.466628,247.8935698,255.3846154,255.7555661,256.7010309,250.6286672,257.8461538,258.3994283,248.7275929,252.0648505,260.1265638,251.6923077,252.7173913,252.1642558,270.2691441,272.0033529,268.1501465,260.0674377,242.7090084,248.4608083,251.0100795,261.6587356,272.9468599,287.2432065,282.7043594,283.6507627,284.1575859,285.310091,283.4438917,287.4671341,286.5825252,287.4666667
92102,San Diego,CA,San Diego,San Diego,2170,,,,,,,,,,,,,,,,,,,,,,,,,,,,,,,,,,,,,,,,,,,,,,,,,315.9482759,259.1704472,288.2352941,269.6917808,291.4230019,325.2764128,318.4713376,305.4140127,296.9742249,293.2088477,300.9577566,305.5555556,311.461794,337.0878482,367.8362573,357.0336391,341.3242009,362.6744,388.6125146,381.3075177,377.5020896,380.8010172,367.9078014,363.4751773,370.5904025,348.0279529,377.7056277,378.2467532,392.3637696,403.546682,416.5,411.9430456,417.3280809,412.1462264,414.6776796,417.4808915,410.9353296,412.188441,414.5408163,425.5175908,455.3734062,455.8363238,424.4080146,441.0245002,447.133758,427.7286136,431.8181818,444.8160535
92107,San Diego,CA,San Diego,San Diego,2484,488.4004884,480.8045068,464.6657002,445.5260255,437.564415,438.1006218,428.0527077,419.3222054,420.3216374,420.0222694,414.9341649,392.8571429,358.6160038,331.2598959,332.8988819,375.2246166,397.0735786,393.1451613,389.8494144,376.4919355,360.5072464,360.1459249,362.6989914,357.1428571,350.0602876,353.5194652,334.264432,341.690873,368.752814,380.7493147,368.8543546,372.9985113,385.837902,380.1877058,413.7521458,413.2231405,420.6678568,486.1111111,469.7996096,459.039548,479.6547472,500.9033968,485.7142857,490.775126,522.1518987,485.7142857,536.0291331,501.9607843,471.4661801,464.0472257,467.2855314,476.1904762,463.6414584,447.9790419,467.1391753,464.7762517,465.9577135,460.199005,465.7826731,449.8592006,476.4456138,489.9470899,515.4639175,542.3081232,546.8068925,527.5779376,528.2234106,534.9365225,556.5234628,580.8510638,588.3815068,580.8510638,598.1188384,543.0429369,547.3602879,548.6264069,547.1380471,595.1661631,620.0734956,599.9110914,582.7477895,610.5442177,623.2590529,622.5074915,611.3236419,621.504329,568.7155392,604.9698574,634.1590565,622.6175349,629.8665184,620.5370043,599.5309019,591.4137676,609.4482133,609.4981434
92065,Ramona,CA,San Diego,San Diego,2673,,,,,,,,,,,,,,,,,,,,,,,,,,,,,,,,,,,,,,,,,,,,,,,209.5630202,208.9285714,207.8085846,211.3346297,211.038961,208.4999545,209.6143097,212.2541101,211.6291207,208.9444578,210.9375,211.6710875,213.5093168,211.1834962,217.5583658,219.7919481,223.3059548,224.2424242,225.6884876,220.5343112,226.5465083,232.5334821,227.6699029,228.115727,235.9367626,239.9932239,243.8222496,245.6930305,241.6904084,236.0239369,241.1425439,244.3482688,246.6544468,244.7798768,248.3954451,249.2824779,243.7608696,248.9369049,249.2154329,248.658377,254.628905,257.101997,254.7572639,256.568313,251.3391018,251.6930023,256.703611,254.5684724,261.2525318,262.0798319
92113,San Diego,CA,San Diego,San Diego,2710,,,,,,,,,,,,,,,,,,,,,,,,,,,,,,,,,,,,,,,,,,,,,,,,,,,,,,,,,,,,,,,,,,261.9517544,268.1187343,249.6790757,278.2830699,256.2408039,266.6666667,276.6646842,264.6929088,281.7982456,268.161435,248.6402486,251.1113777,252.2210052,296.191052,304.0540541,293.3823529,302.4377444,323.4867328,285.8823332,295.6989247,309.0139711,324.8099516,334.1701681,336.4869704,324.9789916,341.9117647,326.4285714,326.4285714,325.7142857,311.0671096,289.8407784
92108,San Diego,CA,San Diego,San Diego,2949,,,,,,,,,,,,,,,,,,,,,,,,,,,,,,,,,,,,,,,,,,,,,,,307.3170732,315.0315032,316.6265198,311.2057667,317.7004539,321.0433604,308.5390947,307.606264,323,315.1281517,315.6003017,314.4076634,313.3725505,312.4608641,322.9230769,321.4146341,314.6460177,316.3580247,316.5584416,317.9453836,327.5485437,324.0740741,328.1061684,325.7940609,324.6013667,329.2682927,340.6056435,333.7175793,333.2975035,337.4997816,357.1428571,356.4782039,357.2159672,362.8121512,370.7317073,370,360.9061157,360.9341826,375.6097561,381.6481138,376.7798581,378.703466,385.3658537,391.1123596,387.9577902,402.6845638,395.69161,391.0281421,389.3684211,395.69161
91941,La Mesa,CA,San Diego,San Diego,2990,250.163095,244.7452797,244.6967989,242.5682232,240.4771066,237.4874746,233.0182205,232.9855936,221.593597,218.8156402,222.2982216,214.7377939,209.9666961,202.5750163,190.3225806,200.9561261,204.1651171,207.1535022,202.138129,204.9172076,195.7176452,201.7380509,193.6033604,189.8466531,193.1216931,191.5574033,191.5574033,199.0950226,202.558117,199.0950226,195.3125,197.9295508,194.8525735,199.4233937,222.9381443,226.0736884,228.6972435,234.0425532,238.3594704,251.4403292,248.2728843,255.2762469,259.5927868,268.5164466,267.9967707,269.8865847,261.3827993,258.3850573,260.3003325,266.5044275,267.5797889,268.0800269,269.1213081,277.1379076,276.5949439,274.7867056,267.2247263,263.0559117,272.8799328,266.8680765,271.1323764,280.1846591,281.1046211,280.4412865,284.2424242,285.6790019,288.8561321,292.4111043,293.898047,288.8402568,305.3395542,309.5910536,299.1029892,291.6858198,299.4011976,296.7782296,298.6985483,298.5781991,292.9138668,294.1176471,305.0691951,310.6739384,312.7433049,306.4174894,293.7437363,291.1959486,291.1959486,294.0878342,305.1301685,298.1231,307.2669334,310.6662064,318.8438002,322.4284773,311.2286412,309.6311292
92131,San Diego,CA,San Diego,San Diego,3061,281.5359998,284.1733759,283.9833767,282.9977629,277.1535581,279.3974733,273.1515416,275.8875134,272.1790018,269.7261696,274.0243821,266.2472832,262.6879699,264.7420567,263.382467,263.780359,260.7674781,254.8079292,253.2017076,250.0350631,248.3118478,252.0861634,245.9116188,241.6703784,229.5568117,233.2618774,228.98026,233.553041,241.4434524,243.4274586,245.0890117,245.5197133,241.0394265,245.5197133,259.3583731,255.2143592,258.9322382,258.9322382,277.3304182,281.9700189,282.1426253,300.4746258,303.2204099,301.949539,303.4600113,303.0090973,287.6106195,288.0545879,286.6223413,295.6968022,302.0504732,312.3090034,321.2440007,320.4303805,318.9397455,320.9113483,319.388576,316.7721166,309.3075993,301.9365661,311.2558115,316.2870318,324.6124031,324.4409418,328.0183727,322.6783229,329.199549,332.0286544,328.3837807,322.180592,322.180592,322.243346,317.3448608,324.9672244,332.0878335,345.2466368,340.9645233,345.5102558,349.7779231,352.096619,345.9486463,344.4312327,348.7394958,345.2795684,345.6618065,351.0911027,355.2649911,356.0011625,366.6044675,369.2617188,369.4502095,368.2430776,359.1127098,359.6522782,365.647482,391.5966387
92110,San Diego,CA,San Diego,San Diego,3129,,,,,,,,,,,,,,,,,,,,,,,,,,,,,,,,,,,,,,,,,,,,,,318.6935957,319.3384369,317.9911312,314.6853147,319.2471591,325.6578947,338.3852906,329.4642857,333.5809807,329.5165394,329.4904126,328.2279742,330.8957417,335.0409836,329.4642857,336.0655738,337.0098039,353.0706244,372.3276587,338.6886873,339.2857143,365.6351792,360.1730918,375.2084491,380.2559415,395.011668,390.3743316,378.538334,377.5510204,363.5907723,366.9103875,382.5109794,389.175,382.9354131,383.5447622,384.787149,383.5447622,389.175,389.0319444,382.6547231,393.0163447,391.5763136,406.4492523,404.8582996,404.0222871,411.5636166,395.767188,409.5712098,409.835041,410.6546855,413.5819372
92120,San Diego,CA,San Diego,San Diego,3324,,,,,,,,,,,,,,,,,,,,,,,,,,,,,,,,,,,,,,,,,,,,,,,278.8416366,280.5164319,274.2326333,280.4830754,288.8609188,290.6292898,279.6420582,304.8642534,306.8181818,303.3008658,313.6200717,298.7130754,284.9162011,287.5976589,298.8515018,299.062399,289.3188331,296.956199,314.4258422,309.4983991,315.6433747,321.5817694,321.0910211,324.2115028,326.9402976,335.3610006,334.998936,333.4863642,334.4003822,335.0841725,345.9762533,340.8660316,339.569161,326.7875126,331.4411187,335.1206434,330.7748538,330.6345879,336.0442262,328.0288008,330.0733496,345.9432554,342.9951691,342.9951691,345.7476636,334.5139709,327.5723473,335.2771479,348.2417728,347.5368994
92008,Carlsbad,CA,San Diego,San Diego,3370,,,,,,,,,,,,,,,,,,,,,,,,,,,,,,,,,,,,,,,,,,,,,,351.1514104,367.7884615,384.0659341,377.1608172,375.5530973,383.1288344,416.3679044,389.5052474,371.9242902,380.3827751,380.7067384,363.8270548,356.3235371,362.9628143,351.1532941,371.2229842,376.9708552,375.7100972,367.7187462,374.5605558,371.9566946,369.3282638,375.31742,404.9198017,410.6537097,412.5310174,408.1513819,405.5553489,364.7909625,377.6070898,387.3652731,379.458639,387.2283192,393.5424354,403.4891107,420.5208433,421.3769459,426.2470723,428.1031767,430.4977637,412.3015873,413.0196937,418.792517,424.0604708,432.7290727,429.7994269,444.7142935,450.3865979,439.2437874,435.5397503,434.1680129
92083,Vista,CA,San Diego,San Diego,3414,,,,,,,,,,,,,,,,,,,,,,,,,,,,,,,,,,,,,,,,,,,,,,,225.3333333,215.8681092,202.3747298,220.9536602,218.3578666,219.2886884,225.2691457,234.1334895,232.0677161,232.2741045,240.6568516,232.7983888,223.7566138,226.9299098,228.3212402,251.3773406,235.4788069,238.0952381,231.5978456,233.8345865,241.9354839,246.0324067,249.2364107,244.2473519,232.0704376,237.2735116,235.218516,244.5190344,247.6090244,252.2914328,257.9190033,254.3787298,256.875973,258.6525092,254.6816479,262.1722846,260.4389057,262.1885967,268.0362985,269.4165634,269.8412698,272.6264342,283.0263165,285.4855923,283.0157866,283.15314,309.7667638,304.2185339,309.3125,303.2596244
92123,San Diego,CA,San Diego,San Diego,3426,260.8298394,251.6329754,263.5605007,261.1163534,261.1163534,259.1463415,256.4719328,259.6189765,251.980198,256.6687665,239.8995536,241.1684783,237.1580547,226.5151515,222.8846468,224.4897959,222.8318571,228.3333333,221.5205165,221.166033,222.7954972,217.0334812,200.6902185,192.317685,193.622449,207.91154,216.2329616,195.9422283,195.9422283,195.5403087,209.9681866,214.9658204,216.9713719,231.1480978,251.8283582,255.5026904,252.3291925,252.4038462,262.9699982,274.0740741,279.273743,276.6739085,290.3225806,284.9409627,297.7325234,288.1463649,276.6139657,288.5234899,299.0430622,305.3446712,298.4293194,298.4293194,296.1247816,306.1865369,307.4772671,317.867036,323.0588503,319.2436975,329.3946344,330.0803674,317.9282869,319.2593379,325.6279413,323.9941747,336.0824742,340.2106073,327.4278215,331.5354166,330.6431613,331.302361,329.3650913,337.0554177,339.9145634,334.9282297,340.9486934,330.604534,330.604534,345.8931419,357.1504133,363.0167598,365.1979089,352.4639955,340.7046697,363.062352,352.9885604,362.6669302,379.6855094,384.1756977,378.5714286,371.685254,396.7460317,373.4519104,387.2022732,386.6538351,408.7647059,407.6470588
92124,San Diego,CA,San Diego,San Diego,3593,288.9944576,284.5446585,288.4834664,284.6826302,288.4119012,280.1801802,279.1739383,275.2752753,272.0820225,261.0986042,261.0272433,259.0519414,256.8302594,245.3849617,256.4740316,251.9018405,258.4196891,251.6363491,247.6582077,242.8985507,241.6757895,240.2010459,239.7681855,236.5412317,234.9869452,234.4056707,239.3045591,229.0054198,232.2712374,227.9219646,229.0839926,230.4625199,219.6071741,229.1338583,244.4092349,245.8755534,263.1810193,263.8533674,268.8509874,262.8468937,290.0892857,292.0942607,293.9973022,292.3076923,295.404814,295.5665025,300.9412741,306.219053,297.3218339,300.0489262,297.0292505,294.3100065,306.7484663,304.0966387,300.7289183,293.7336815,297.1756047,308.1125822,309.1814159,306.9201565,305.2565485,325.0306748,297.1625461,325.08603,328.642488,325.6328684,331.3881024,327.5547445,333.8606347,326.3570961,330.7202352,337.3413411,337.1532297,325.7180157,326.7008986,328.9539822,337.6648856,342.6769446,335.8992422,334.432407,332.1182665,332.8981723,334.1277081,342.8916146,344.5652976,342.7250723,338.7755102,361.2084063,360.042735,365.7989228,348.0392157,344.6631699,358.2945038,357.6464489,343.92,361.3945578
92081,Vista,CA,San Diego,San Diego,3892,,,,,,,,,,,,,,,,,,,,,,,,,,,,,,,,,,,,,,,,,,,,,,,252.9100179,253.4880526,253.1139241,261.0682493,258.8613393,261.2293144,259.2207792,261.1667392,261.46828,273.5504886,270.6270627,262.4854142,262.4700522,261.7842202,271.6344558,273.7659963,263.0431781,272.275641,271.2394566,278.2012015,279.5932798,280.6487498,282.9249617,276.4867017,275.8438819,271.8581416,285.908914,284.8342947,285.908914,288.4593191,287.7569667,296.3305582,290.4884319,290.4884319,301.9697965,294.4920579,304.0036763,302.6571614,305.0666415,307.3149465,311.1277631,313.5504202,314.5104008,292.6885328,296.2957131,306.1465721,303.6782624,309.0052972,308.3700441,301.2658228
92139,San Diego,CA,San Diego,San Diego,4060,,,,,,,,,,,,,,,,,,,,,,,,,,,,,,,,,,,,,,,,,,,,,,,206.6508314,207.574654,207.574654,212.4183007,208.6743044,213.6363636,214.2857143,216.7757774,219.7017268,212.6841244,215.6795038,213.0177515,221.1335413,220.3756572,218.7757617,224.0067625,227.7777778,224.0067625,220.5885852,226.1904762,248.0992035,244.9012673,246.88354,246.8129943,249.2782152,243.2445069,245.4545455,247.4856922,246.363777,245.0972222,252.3809524,258.6206897,260.0497664,258.9884217,264.4341801,265.0115473,261.0792871,274.9880999,280.8740373,270.1237795,275.3496503,281.9074074,297.0175534,281.8627451,278.3669522,281.4074074,275.2590674,276.1437908,279.1558442,290.8871239
92011,Carlsbad,CA,San Diego,San Diego,4562,314.2935228,311.6246499,312.1298782,309.3375723,306.5297975,310.0464947,308.6990651,304.1666312,309.6606382,309.6606382,304.8028403,307.5428285,305.3415893,300.9637416,289.4790333,297.6881331,294.0972717,291.3674685,294.9286066,295.3573341,285.1439977,283.8741077,280.1167315,277.1961766,275.0361225,274.8051948,273.7659154,273.448026,274.7112754,276.0834691,273.5252809,275.5058115,275.1687306,276.7007533,293.7601297,298.464093,307.0799563,306.374502,319.8007069,321.094324,316.6977612,325.1318102,330.8345973,336.8985725,333.3178466,333.3178466,333.1468872,341.0263042,347.2864846,340.4188809,346.8567251,357.9960835,353.8112523,352.9948433,353.2528702,357.3640831,351.8685295,354.5930233,352.6793501,356.5292096,362.2609192,362.2609192,372.2655665,358.0998381,360.1694915,356.5474019,368.7317532,372.5734564,372.5734564,368.4841222,368.6078428,373.3426597,373.7680501,375.3869969,380.9707641,385.4461301,392.0868347,378.1549173,389.4687679,386.7739212,397.0930233,402.680798,405.0126582,405.4961832,405.4346588,405.3731343,406.7656295,410.6545143,404.9434187,409.8905724,419.475651,416.6093928,404.5354255,409.8137494,413.8795987,410.5550129
92119,San Diego,CA,San Diego,San Diego,4620,233.0743079,238.4516697,237.8850144,236.9170218,236.5461847,234.3098958,233.3152469,234.3098958,233.7398374,232.4819315,214.705462,211.5795446,213.6616362,206.7310785,207.1809631,208.4131691,211.3410936,205.1705508,206.7430025,199.5685363,199.1370727,198.1619759,192.720172,192.5391095,193.124214,192.4234009,181.517094,180.8322691,197.2318339,205.8134083,201.1251758,209.353105,197.8624535,197.163843,227.8749338,230.6482806,249.5329591,249.7924864,251.9167579,246.3543439,251.5661585,260.1546539,267.9691047,279.2930883,281.675967,273.4439834,258.4715681,261.2904578,263.0395683,266.7192409,268.9548547,274.2857143,284.1510719,285.3750006,292.3031026,297.1078002,274.1768634,272.8287841,271.2031558,265.0720461,274.4033413,276.0093795,289.8423006,286.8852459,299.1651206,299.1354467,306.5217391,298.1731189,301.6736402,299.7641509,302.1701108,310.1089015,310.1089015,312.5,319.8558847,303.6585366,310.7883817,323.3208955,328.5142857,329.9811439,328.9652303,329.3521656,331.076576,334.6013497,327.9510022,330.0071234,329.3343948,346.8653649,350.0556697,345.8835341,368.9689286,361.8400158,353.7371134,352.1432447,350.7604236,348.4886084
91932,Imperial Beach,CA,San Diego,San Diego,4680,,,,,,,,,,,,,,,,,,,,,,,,,,,,,,,,,,,,,,,,,,,,,,,,,,,,,,,,,,,,,,,,,,,,,,,,,,,,,,,490.1098901,463.9464286,450.9212617,423.2902033,375.876961,399.339934,400.9955752,421.7511013,425.3611557,418.5022026,418.5022026,418.5022026,423.4654235,452.0697168,496.031746,513.5844749,512.416978,503.7275187
92118,Coronado,CA,San Diego,San Diego,4962,750.2342844,761.3972331,787.0858317,803.6490009,812.5430737,803.6208856,790.0378163,777.5847089,779.8091547,746.0184409,761.5317668,761.5317668,748.1673135,733.1594087,721.7461168,737.6362112,726.443769,705.4265162,718.976119,700.2271007,696.9051825,696.0486322,696.0486322,684.1239375,686.6416979,697.431069,697.786333,697.5585938,728.6080186,718.0401651,718.3466856,721.9582731,720.3733766,696.2576153,763.8626933,778.6449889,779.0798611,778.2101167,773.3914035,750.5214852,769.9167258,776.5273312,787.5269913,802.5989798,809.5037847,821.0455764,841.7405816,856.4814815,824.2918616,817.9822936,854.4532947,874.4735111,876.6785791,887.0214753,858.9766715,845.1492537,852.2311631,882.9787234,873.5869687,893.2986398,881.4858491,899.6310764,847.68267,865.7786885,892.13177,847.630719,907.3849879,906.1335714,923.6180905,923.6180905,952.2613065,923.6180905,917.7807663,913.7142857,889.3836419,907.5568698,902.937054,903.8952104,925.154321,937.489405,919.8015709,926.3077304,919.8015709,932.826851,934.2977697,945.7422184,992.7183695,1025.130786,1011.97694,1012.825349,1016.260163,1021.06383,999.4736842,1001.395892,1028.353003,1005.01443
91945,Lemon Grove,CA,San Diego,San Diego,5054,,,,,,,,,,,,,,,,,,,,,,,,,,,,,,,,,,,,,,,,,,,,,,,235.9056122,231.0536044,226.7258383,237.2435697,231.4323607,230.8477593,236.9429996,238.6634845,239.92891,250.9982886,246.0832664,242.9452762,245.6668226,250.0551319,260.7126074,263.8522427,256.0353793,249.7570193,256.5963061,256.5133804,264.3457944,291.4536158,275.3442623,284.406349,283.6695134,281.7169069,272.0496894,274.1110361,287.5634518,283.2792208,291.0502122,281.2844037,287.4058864,287.6712329,290.8343126,291.3043478,281.4726841,277.7131783,288.2206188,281.4726841,294.8958102,285.7142857,300.3472222,317.2413793,299.7771774,307.5090253,313.4938182,326.622394,304.2458093,312.0563035
91915,Chula Vista,CA,San Diego,San Diego,5106,167.1875,168.0218921,169.7826549,168.6440678,172.3779929,171.484344,170.1183432,166.0201913,171.0843373,171.7369971,170.3684977,167.1875,164.1366224,162.468054,165.3547166,160.1657459,157.7309344,155.9535747,153.739204,156.0483871,153.4662723,152.1477318,151.5338031,148.3998546,147.0878136,145.184136,145.6235158,144.5301205,146.1110219,145.9427904,143.8776117,144.5301205,144.226886,144.3118541,160.9281437,161.6801837,167.5531915,172.9019859,179.1021203,184.5637584,187.806438,189.9936669,194.9770977,199.0312221,203.7360505,204.7688707,208.5070892,208.5539297,211.2420809,215.0899069,215.1571038,218.3406114,223.2518588,221.6951741,221.3560886,219.197861,219.8598627,217.8961749,221.006289,222.9488704,225.204918,228.3849918,229.5546448,236.8613139,234.1012085,238.6363636,240.1596143,242.0659614,243.658529,243.3353511,236.4512244,236.8421053,238.7662884,240.725327,252.3739126,251.520417,253.5628019,250.7766951,253.4763162,252.2522523,250.5992736,248.22833,255.9336111,260.5709353,258.3574995,257.8551913,256.147541,260.9988109,262.6521461,263.7633336,266.1713057,266.8449198,270.9430605,271.5502216,270.9430605,268.4799402
92106,San Diego,CA,San Diego,San Diego,5653,458.9076059,464.8466458,448.1246689,431.7424242,425.6283077,422.0420291,425.7295222,414.7597254,412.9805043,418.7135883,416.6666667,416.6666667,408.719346,407.8129759,399.0912389,398.7284287,381.7427386,378.2967387,368.7977711,366.7734103,355.8926488,353.8461538,352.515702,357.1428571,356.4684243,356.4681496,365.9255608,377.2046028,423.303143,434.9470499,416.3375585,416.893733,398.3739733,401.3196798,416.893733,432.6236264,431.0687327,432.05754,446.6886563,452.4348811,471.1740725,464.7889187,478.6687148,480.7692308,446.8011298,471.5165512,491.4017385,489.1624669,478.0310029,484.5454545,492.2376317,487.5324792,463.0872483,495.5094456,501.1948722,484.1113871,495.7443268,494.53125,478.1420765,488.4173503,495.1220023,495.7127546,497.4988926,519.9364214,517.6203451,507.6574022,539.1176471,534.965035,548.354608,544.7552448,539.0988815,543.9378594,575.8166568,581.973582,578.1057811,595.2240691,586.8616268,578.1057811,588.6859163,605.7091882,596.4125561,596.3880048,579.5942813,599.6666667,589.0563565,588.8416726,588.3469759,583.9408521,585.1108323,592.96875,619.6156395,628.9990929,649.0146679,641.3224052,630.3593406,661.3343738
92029,Escondido,CA,San Diego,San Diego,6066,238.0879763,245.7832822,243.4579092,239.4512135,242.1673272,245.9922609,237.0233051,237.3613866,230.4461499,230.1667613,224.1922774,216.0571809,214.2091011,211.573068,207.4853806,202.4131931,204.6255507,203.8671583,212.8946711,202.9764435,204.400777,199.6193966,199.9333333,195.5795115,195.8111702,198.6348875,199.9333333,200.9715243,208.9761539,202.3130927,199.167784,203.654661,203.2468281,210.3901671,221.8820714,226.9519403,236.5243297,236.8923077,242.3920158,239.3333333,247.4832215,256.0937005,266.5444852,269.0221778,267.5600034,268.6671319,261.4082405,260.8695652,258.5275915,263.1578947,264.0824071,271.5588723,273.0977401,271.1702662,273.1915268,275.4479026,263.4037912,270.9977523,268.6330222,261.9790496,271.1231484,272.4579371,278.9309808,281.4983669,293.1844888,289.3212879,293.5321101,297.5739196,298.4749786,297.3083197,292.0290731,289.3783947,289.4548223,291.3727565,286.6108787,284.7836353,281.7759062,287.7532228,293.6281475,288.8272583,283.203125,285.8932462,294.4571337,297.1739412,298.0796259,295.8257713,301.8753781,303.9459652,303.7408278,308.5659774,312.6051225,328.1344603,316.5783133,316.5783133,310.3662011,316.5783133
92082,Valley Center,CA,San Diego,San Diego,6163,,,,,,,,,,,,,,,,,,,,,,,,,,,,,,,,,,,,,,,,,,,,,,,222.5545876,221.7659138,217.5066869,216.1735068,214.9121949,219.0082645,228.1928686,231.4161015,230.5324934,230.7983025,227.7004468,231.2049434,231.2049434,229.9787385,219.8148684,223.2245132,232.5111082,233.3820307,233.3773926,228.434506,233.1898174,232.4728261,232.8689528,229.9291617,239.4620486,237.3646209,233.9363693,236.4992722,243.5038384,244.3776596,251.2338536,247.3913043,244.925035,250.6629441,250.5980861,251.6322089,252.1865889,259.4440472,267.0457325,254.0596712,253.1659074,264.4230769,264.4444444,249.9583333,265.6520529,267.1728127,271.7391304,270.2286931,279.5395819,292.692458
92075,Solana Beach,CA,San Diego,San Diego,6701,,,,,,,,,,,,,,,,,,,,,,,,,,,,,,,,,,,,,,,,,,,,,,,,,,,,,,,,,,,,,,,,,,,,673.6372531,673.0333639,645.1438131,644.6980029,627.7866125,641.6558862,641.6558862,658.7837838,624.3074739,620.2996326,696.670082,662.6130015,665.4629285,656.7915036,665.0544135,662.5,697.4317817,699.2672826,683.0634519,682.1789727,677.755894,630.0841515,649.5,699.7684098,809.9675851,829.3556086,826.3779528,825.6198347,816.9739727
91901,Alpine,CA,San Diego,San Diego,6810,224.7758671,229.561813,214.7465174,215.3004616,214.9907465,214.8716571,212.3760241,215.4479981,209.9125364,205.2397558,203.4664456,196.5543007,197.2422062,194.5035447,165.4064272,182.8418113,185.4481474,171.9275974,166.6666667,174.922813,179.5795796,181.4605732,178.3292546,179.2635659,182.8617657,179.6610169,179.1004643,174.7956403,170.9247931,170.9247931,178.6863271,171.4363265,174.6506986,170.1005987,195.6008678,192.9146538,194.0661479,198.4126984,204.5666356,206.0847671,208.0443828,218.7975647,226.6475099,224.0696754,222.2334477,227.687049,228.2444396,221.3894619,221.3489155,236.7833796,236.4558096,241.4428076,236.0719763,235.9696411,238.215976,238.9766637,239.5874468,242.5983208,235.8490566,236.1290323,238.4841976,249.5269775,251.9223579,249.5212265,253.3992583,242.7770591,243.7267841,249.3962341,260.6343783,258.5170283,260.4166667,258.0567039,256.0922064,259.244373,259.244373,261.33497,260.3369066,253.2833021,264.2867074,261.6997379,264.9867374,265.0462963,261.573494,262.4610592,263.6057187,264.9361351,273.6958119,277.3155851,277.458493,283.5621955,286.4022864,290.140569,288.1381564,288.5697115,296.6002673,296.8339506
92010,Carlsbad,CA,San Diego,San Diego,6839,246.3457892,243.7823975,248.6744268,249.4199536,239.6277627,241.688413,247.3197782,248.7231866,248.2348569,242.4800491,245.3474676,235.5966354,237.612199,239.6277627,231.2036355,234.871278,231.0376986,225.638051,223.3389168,220.6383296,217.2109389,219.4300986,220.2680067,215.7730751,210.7365461,208.2366589,206.1894109,204.6336207,210.4209097,205.0708427,201.4669212,194.1649899,197.042521,199.7694967,231.7483236,235.2424942,233.3630318,239.8388243,250.4029225,261.1147933,259.6253364,252.1307828,261.1077298,261.8020793,275.9134974,273.5109718,275.9134974,271.4025405,285.10335,285.8966709,293.3025404,285.6284486,287.7944325,286.0968452,297.1508699,297.6204678,296.1164866,294.5455979,293.6208125,296.7625899,307.8635015,309.2797172,317.3119122,321.184258,324.0509259,318.0587059,324.0740741,313.2427814,311.8136896,322.5302419,324.6502396,322.6140709,315.2183029,317.8429322,332.8703704,314.3856581,321.3817228,340.6432749,338.6939571,341.5670587,320.5351559,320.5574913,325.2808646,323.0452675,320.0770689,325.6690141,331.8275553,329.7507449,327.3679616,322.5830364,328.3558994,333.125388,340.3393393,355.6756747,354.4312169,347.5479744
91902,Bonita,CA,San Diego,San Diego,6897,,,,,,,,,,,,,,,,,,,,,,,,,,,,,,,,,,,,,,,,,,,,,,,245.4806902,239.7535708,247.5812606,256.3904266,253.6279683,254.8095416,242.7250896,254.5509656,255.2647855,254.6787182,263.3575198,264.3148402,261.7485138,261.5927419,271.7391304,263.4326054,270.5547349,261.8644052,272.4699581,248.9451477,265.5155656,277.5884818,275.4590985,270.3113561,270.5805182,270.5805182,277.9765899,266.4549589,283.5538752,287.1815941,292.1535893,295.398521,294.7408248,289.7072778,299.3640656,300.511831,296.9068774,290.0148318,297.576312,298.8447673,310.761347,318.5796466,304.430985,306.4924929,308.8550247,300.9460523,304.8072287,306.3352827,301.3444599,305.5997039
92007,Encinitas,CA,San Diego,San Diego,7561,,,,,,,,,,,,,,,,,,,,,,,,,,,,,,,,,,,,,,,,,,,,,,,,,,,,,,,,,,,,,,,,,,,,,,,,,,613.3540373,613.7498291,631.2056738,703.6643654,644.4648208,605.0733249,599.3977275,581.6116646,606.88085,615.2398596,615.5349877,619.6484903,657.5963719,643.7435367,646.1169238,648.9601392,673.6299476,651.6296646,646.3615643,648.9795918,692.963338,811.4309554,753.3670034
91914,Chula Vista,CA,San Diego,San Diego,7701,164.5101664,164.5307893,168.7831582,169.7674419,170.932926,172.4678583,169.4348716,169.7416892,170.0420329,170.6427811,169.6512724,164.2421398,162.9601817,161.0520095,158.2649472,158.6620926,158.2014388,158.3635764,154.5945946,158.2014388,157.637893,156.4553991,156.9914451,156.6076294,155.1282051,153.2229024,152.4822695,152.4822695,156.5854047,152.1221768,147.6862488,150.8916324,150.9705248,151.0791367,167.7322809,169.2793814,173.6111111,174.0613365,176.2790698,186.2955032,190.5162089,193.4434837,196.0379695,199.6258472,205.2476634,210.4214058,217.2011662,221.8517139,222.8017884,225.2186589,232.5439112,237.0578778,229.0823361,229.9989665,226.8889332,226.2411348,226.5438848,233.0812919,234.6285226,234.375,243.0496468,243.8546663,246.7105263,245.4882907,252.8368312,252.2209945,252.4752672,253.2228361,261.0337313,253.7572254,252.6322447,247.4336283,246.8937948,252.8900649,254.8461634,252.7707564,255.5274985,255.5274985,256.0076898,258.7874659,257.6787808,263.8425926,260.5600933,263.1377001,262.8901461,265.4655427,271.5992588,269.379015,279.4355293,274.2843735,274.5048241,270.5702618,265.4248594,268.4053246,266.2327426,266.8028005
92067,Rancho Santa Fe,CA,San Diego,San Diego,7979,554.208521,543.7019439,543.120474,544.2834138,540.381558,533.0220147,534.2063068,534.0220876,520.8999412,522.4787675,522.4787675,526.8206999,501.0329107,501.2919449,496.8062456,498.4076433,497.9757085,495.8869393,491.5369217,466.4740818,475.7435749,467.7857319,471.1613663,463.5761589,454.7960309,447.3344685,447.503325,454.7960309,479.2826221,465.9685864,480.4070529,479.3863854,504.753282,500,516.9225079,525.7247856,516.5200823,519.2307692,520.5613577,525.8126195,524.0194193,525.8126195,536.352801,540.4243337,546.5045593,545,551.9750401,571.8276137,571.4229036,569.2280349,570.5637518,565.8416777,568.8346457,565.8416777,568.0863235,559.7769632,557.7774672,559.8227474,562.2855182,562.2855182,571.0201625,548.8010395,525.2691333,541.8023887,537.8651971,514.3061516,532.8919265,543.6319506,549.0196078,561.5972801,557.7721034,552.8350515,558.4386282,568.6023342,567.1930936,556.7232535,567.3460689,566.0961585,568.255688,569.6030451,549.9774368,554.8980793,555.6744037,556.6833557,566.21881,548.5546415,543.1104925,546.0218409,543.1452011,544.8613672,554.7586286,554.5335085,550.5617978,555.2287582,556.0131796,555.740988
91935,Jamul,CA,San Diego,San Diego,8864,197.1066058,200.3870694,217.1492205,205.9336824,195.439032,196.2170529,189.1432352,200.2796127,205.063585,206.8873642,195.3488372,191.5520629,189.4317049,176.6852812,171.0062209,176.6304348,170.148248,164.974984,169.1230656,167.7467597,171.7277487,163.6077967,161.5296804,158.3809943,161.6233715,167.7467597,158.4959543,158.3809943,182.3174447,183.7585868,181.0449714,185.2541267,186.1797351,195.1754386,209.3896714,202.5586022,201.9422522,205.3686432,207.7878483,201.7167382,203.2567607,219.7071917,221.0429165,225.7453625,225.327028,234.142827,232.3704074,238.1282426,253.0973451,257.2615667,262.7816759,246.1470718,238.6646736,239.88704,233.0434783,233.5258019,235.8132534,232.3447153,248.7611713,238.8492615,246.8300305,233.2467532,242.6950887,243.2306565,266.8534828,250.9266409,255.8508974,249.7245957,256.8128108,256.2046971,257.8867744,252.2651934,253.449199,262.2600532,274.6226267,292.2791062,292.2791062,279.1201456,289.7367335,278.0536246,276.1144378,261.2595744,267.7077524,271.0794251,281.3141684,281.0170431,284.176835,293.2299534,291.2189752,266.4556962,273.2140327,287.2865868,293.1578494,297.6215255,293.0359937,293.0359937
92003,Bonsall,CA,San Diego,San Diego,9652,,,,,,,,,,,,,,,,,,,,,,,,,,,,,,,,,,,,,,,,,,,,260.6096832,273.4753146,253.7358039,258.5737616,256.2432552,236.6863905,259.2026111,258.5737616,261.0265149,259.8533603,260.4311544,259.5308821,269.4714882,255.176563,254.613541,257.2393822,256.1714663,254.1648692,255.1035503,248.8813222,256.2642369,253.2811421,248.9433817,247.4975921,253.1465951,252.8445006,247.9449868,250.4763044,270.0833322,245.9857939,243.3322882,237.2942922,244.2546486,239.6514161,243.3434946,258.1700204,276.1219793,283.5820896,283.9745258,292.2993492,283.5820896,296.5597299,324.1406758,287.8225092,277.4481569,277.8640978,280.1992528,293.5862692,269.1436339,275.1375688,290.1505646,290.1505646,279.3663335
92004,Borrego Springs,CA,San Diego,San Diego,9864,,,,,,,,,,,,,,,,,,,,,,,,,,,,,,,,,,,,,,,,,,,,,,,,,,,,,112.9943503,112.9943503,119.4539249,124.7030879,129.9358758,130.3640515,127.4789488,143.2692308,142.1052632,149.7546507,148.4667165,150.7584404,150.3660637,148.4667165,161.105131,157.5823643,150,149.5598592,150.1459933,152.5626499,150.7321275,150.7321275,147.620328,147.0937129,142.0821588,136.6010994,129.8486887,128.33764,130.6413302,143.4159061,142.8117048,139.3581081,142.8117048,145.9196875,146.984915,146.8609865,144.4987765,138.9106571,136.7074854,142.8117048,148.3679525,154.1388878,153.6318483,159.9939045
92036,Julian,CA,San Diego,San Diego,10032,,,,233.1701031,235.2319588,223.8435006,235.027921,232.3155456,231.6399287,227.4209325,227.4209325,220.622216,218.75,218.75,218.75,225.9162681,224.2424242,216.9811321,214.1037102,208.2542694,202.5836759,199.9153362,198.8636364,197.4431818,195.8473625,186.4883885,198.8472622,190.6757887,195.9847036,190.5830638,197.2477064,196.2741184,196.6180067,200.6210894,217.9656539,217.9656539,222.1666667,220.0661603,226.180046,228.2930961,226.7457307,222.0916569,248.8986784,248.1043616,258.8996764,240.960452,241.9633598,239.8592309,239.8592309,254.7107684,253.7692308,246.4239272,254.7107684,246.3936715,248.4407484,243.6142557,241.0993899,241.9633598,257.3268921,266.2329373,260.163332,245.0851282,240.23542,247.8126593,250,257.6335444,282.5383994,284.1191067,292.1717868,272.2747207,266.5544332,266.3702506,271.8188833,263.742244,261.1142375,253.9936102,264.7619048,257.5987842,265.5660777,264.7619048,264.7619048,253.9936102,257.3964497,257.3964497,275.9002145,302.3897059,277.0079145,277.0079145,279.4837331,268.7908497,266.1930079,263.5951662,293.9038042,274.8512804,274.8512804,278.5890817
92091,Rancho Santa Fe,CA,San Diego,San Diego,10428,553.6893886,526.55062,518.1387296,513.4801399,511.0908912,522.8932445,528.3726264,535.9710913,531.653752,535.3457449,529.6610169,509.3640667,481.5016322,488.1535948,495.0407368,493.1855139,487.4953676,499.5585639,499.5585639,493.5756816,481.5016322,455.9791482,453.9035622,469.6684693,480.7404172,455.3025374,477.3622047,483.7251356,521.0818275,531.7679558,531.5446295,520.9408048,501.0818089,519.2678854,519.2678854,539.5424248,531.7679558,573.2537712,594.1591138,582.8152753,591.1816932,586.7456862,602.9011786,599.2281129,609.2436975,591.1401237,587.1494491,591.1217029,584.6622029,589.6971869,600.240096,614.880248,614.880248,613.6089611,602.6644955,602.9973848,614.4627202,618.6777457,614.4627202,611.3314448,606.1861364,586.548488,601.4397906,605.4819142,602.9973848,589.1931001,622.8601528,599.7109827,600.5753866,615.3743136,615.3743136,615.3743136,629.0587926,625.4938109,588.8873493,603.1377354,612.6327123,602.1042563,602.772104,604.0398179,583.2820097,592.573084,587.4068828,592.573084,576.3983629,591.7406214,592.3373065,592.8579706,611.1868482,588.5962602,583.1983633,575.2617801,570.482703,563.3744856,557.4063973,566.3029101
